{"cameraMode":{"drawMode":0,"name":"Shaded","section":"Shading Mode"},"sceneLighting":false,"audioPlay":false,"sceneViewState":{"m_AlwaysRefresh":false,"showFog":true,"showSkybox":true,"showFlares":true,"showImageEffects":true,"showParticleSystems":true,"showVisualEffectGraphs":true,"m_FxEnabled":true},"in2DMode":false,"pivot":{"x":26.1178035736084,"y":1.7778838872909547,"z":52.491458892822269},"rotation":{"x":0.14981725811958314,"y":-0.18131211400032044,"z":0.02795928344130516,"w":0.9715449810028076},"size":6.849878311157227,"orthographic":false}