{"cameraMode":{"drawMode":0,"name":"Shaded","section":"Shading Mode"},"sceneLighting":false,"audioPlay":false,"sceneViewState":{"m_AlwaysRefresh":false,"showFog":true,"showSkybox":true,"showFlares":true,"showImageEffects":true,"showParticleSystems":true,"showVisualEffectGraphs":true,"m_FxEnabled":true},"in2DMode":false,"pivot":{"x":0.34422147274017336,"y":4.529325008392334,"z":98.86320495605469},"rotation":{"x":0.32439371943473818,"y":0.5054912567138672,"z":-0.21276432275772096,"w":0.7707023620605469},"size":53.06484603881836,"orthographic":true}