{"cameraMode":{"drawMode":0,"name":"Shaded","section":"Shading Mode"},"sceneLighting":false,"audioPlay":false,"sceneViewState":{"m_AlwaysRefresh":false,"showFog":true,"showSkybox":true,"showFlares":true,"showImageEffects":true,"showParticleSystems":true,"showVisualEffectGraphs":true,"m_FxEnabled":true},"in2DMode":false,"pivot":{"x":-3.059999704360962,"y":7.7699995040893559,"z":-10.065000534057618},"rotation":{"x":0.28823500871658327,"y":-0.026709720492362977,"z":0.008043230511248112,"w":0.9571543335914612},"size":9.802781105041504,"orthographic":false}