{"cameraMode":{"drawMode":0,"name":"Shaded","section":"Shading Mode"},"sceneLighting":false,"audioPlay":false,"sceneViewState":{"m_AlwaysRefresh":false,"showFog":true,"showSkybox":true,"showFlares":true,"showImageEffects":true,"showParticleSystems":true,"showVisualEffectGraphs":true,"m_FxEnabled":true},"in2DMode":false,"pivot":{"x":-22.518665313720704,"y":0.3410990536212921,"z":163.26483154296876},"rotation":{"x":0.20339028537273408,"y":0.6659661531448364,"z":-0.19619706273078919,"w":0.6903830170631409},"size":17.35249900817871,"orthographic":false}