{"cameraMode":{"drawMode":0,"name":"Shaded","section":"Shading Mode"},"sceneLighting":false,"audioPlay":false,"sceneViewState":{"m_AlwaysRefresh":false,"showFog":true,"showSkybox":true,"showFlares":true,"showImageEffects":true,"showParticleSystems":true,"showVisualEffectGraphs":true,"m_FxEnabled":true},"in2DMode":false,"pivot":{"x":19.19351577758789,"y":-1.5776628255844117,"z":48.67715072631836},"rotation":{"x":0.14981725811958314,"y":-0.18131211400032044,"z":0.02795928344130516,"w":0.9715449810028076},"size":18.817047119140626,"orthographic":false}