{"cameraMode":{"drawMode":0,"name":"Shaded","section":"Shading Mode"},"sceneLighting":false,"audioPlay":false,"sceneViewState":{"m_AlwaysRefresh":false,"showFog":true,"showSkybox":true,"showFlares":true,"showImageEffects":true,"showParticleSystems":true,"showVisualEffectGraphs":true,"m_FxEnabled":true},"in2DMode":false,"pivot":{"x":-0.60999995470047,"y":0.800000011920929,"z":1.6100000143051148},"rotation":{"x":0.013538247905671597,"y":-0.9628382325172424,"z":0.049147386103868487,"w":0.26522591710090639},"size":0.8660253882408142,"orthographic":false}