{"cameraMode":{"drawMode":0,"name":"Shaded","section":"Shading Mode"},"sceneLighting":false,"audioPlay":false,"sceneViewState":{"m_AlwaysRefresh":false,"showFog":true,"showSkybox":true,"showFlares":true,"showImageEffects":true,"showParticleSystems":true,"showVisualEffectGraphs":true,"m_FxEnabled":true},"in2DMode":false,"pivot":{"x":13.018486976623536,"y":15.54184341430664,"z":118.45552825927735},"rotation":{"x":0.32439371943473818,"y":0.5054912567138672,"z":-0.21276432275772096,"w":0.7707023620605469},"size":37.00251388549805,"orthographic":true}